rname,0,1,2,3,4,5,6,7,8,9,10
F19-16,0.0,0.0,0.0,0.0,0.0,0.0,0.0,0.0,0.0270490728072305,0.027896172712328207,0.010927194470732583
Ne20-32,0.0,0.0,0.0,0.0,0.0,0.0,0.0,0.0,0.0,0.005420788272657059,0.006775005887664664
Ne20-41,0.0,0.0,0.0,0.0,0.0,0.0,0.0,0.0,0.0,0.008801372900079983,0.025566913209850592
Ne20-105,0.0,0.0,0.0,0.0,0.0,0.0,0.0,0.0,0.0002073494018583687,0.0020613004558968618,0.0004991623347583801
Ne21-11,0.0,0.0,0.0,0.0,0.0,0.0,0.0,0.0,0.0,7.85608437813235e-07,1.0843507889064853e-05
Ne21-33,0.0,0.0,0.0,0.0,0.0,0.0,0.0,0.0,0.0,2.742422075290496e-06,3.4990518229052305e-06
Ne21-42,0.0,0.0,0.0,0.0,0.0,0.0,0.0,0.0,0.0,1.4752388519786766e-07,1.6970625116313336e-05
Ne22-156,0.0,0.0,0.0,0.0,0.0,0.0,0.0,0.0,0.0,0.0,2.5084721993738245e-05
Ne22-154,0.0,0.0,0.0,0.0,0.0,0.0,0.0,0.0,0.0,9.014060672812649e-07,6.711894157039522e-05
Ne22-157,0.0,0.0,0.0,0.0,0.0,0.0,0.0,0.0,0.0,6.331947550409069e-20,5.3230209630141144e-05
Na23-16,0.0,0.0,0.0,0.0,0.0,0.0,0.0,0.0,0.02869249510413771,0.04844072973866842,0.012251177537494091
Na23-24,0.0,0.0,0.0,0.0,0.0,0.0,0.0,0.0,0.0,0.005248500381325377,0.009632155193567318
Na23-177,0.0,0.0,0.0,0.0,0.0,0.0,0.0,0.0,0.0,0.0,3.884025810783708e-05
Na23-185,0.0,0.0,0.0,0.0,0.0,0.0,0.0,0.0,0.0,0.0,4.4129138326806387e-05
Mg24-155,0.0,0.0,0.0,0.0,0.0,0.0,0.0,0.0,0.0,7.923034262887784e-05,0.0003321403810497693
Mg24-158,0.0,0.0,0.0,0.0,0.0,0.0,0.0,0.0,0.0,2.7764438603804513e-06,0.0011221575087991692
Mg24-159,0.0,0.0,0.0,0.0,0.0,0.0,0.0,0.0,0.0,3.352036180331276e-08,0.0019871552605321297
Mg24-41,0.0,0.0,0.0,0.0,0.0,0.0,0.0,0.0,0.0,0.012748915828250497,0.0371107119862561
Mg25-181,0.0,0.0,0.0,0.0,0.0,0.0,0.0,0.0,0.0,0.0,8.056529104128412e-06
Mg25-189,0.0,0.0,0.0,0.0,0.0,0.0,0.0,0.0,0.0,1.243649728034657e-08,2.2565330188330397e-05
Mg26-102,0.003508599152898216,0.0008952088289394587,0.00033300868892353745,0.00016583009529241605,6.152746622193325e-05,1.911532481058246e-05,3.0045133549399263e-05,1.5424813884718203e-05,2.922943830053804e-05,1.7939232604580642e-05,4.716018730600053e-06
Al27-30,0.0,0.0,0.0,0.0,0.0,0.0,0.0,0.0,0.0,4.638256907389528e-09,0.000299779757152732
Al27-102,0.19312136253409065,0.04931103900762506,0.01833900691618707,0.009130052862946877,0.003363924009097887,0.0009884761708164424,0.0005243729030440233,0.00025879903282232866,0.00036080674587704624,0.0001286986566486468,3.99862661503401e-05
Al27-103,0.0,0.0,0.0,0.0,0.0,0.0,0.0,0.023702257001749806,0.040350307514315904,0.00935871276259652,0.002665864856779246
Si28-103,0.0,0.0,0.0,0.0,0.0,0.0,0.0,0.05194213567263596,0.11672917146081395,0.017326068502300014,0.005115650787956885
Si28-111,0.0,0.0,0.0,0.0,0.0,0.0,0.0,0.0,0.0001642720498928785,0.005192155187756049,0.0013513276981633796
Si28-113,0.0,0.0,0.0,0.0,0.0,0.0,0.0,0.0,0.0,2.3389555507852738e-14,5.815047037753261e-06
Si29-28,0.0,0.0,0.0,0.0,0.0,0.0,0.0,0.0,0.0014430876869203169,0.005076910385612383,0.0027378776025556942
Si29-44,0.0,0.0,0.0,0.0,0.0,0.0,0.0,0.0,0.0,6.903997950017761e-05,0.00020333850545933003
Si29-104,0.0,0.0,0.0,0.0,0.0,0.0,0.0,0.0,0.00032630419000498334,0.0007233299713256619,0.00034919748304644565
Si29-106,0.0,0.0,0.0,0.0,0.0,0.0,0.0,0.0,1.5308094367812094e-07,1.859573872740694e-05,1.1241140049507649e-05
Si29-115,0.0,0.0,0.0,0.0,0.0,0.0,0.0,0.0,0.0,2.7269039523988086e-05,5.059136371321811e-05
Si30-32,0.0,0.0,0.0,0.0,0.0,0.0,0.0,0.0,0.0,0.00027696850231558983,0.00039476875707457874
Si30-34,0.0,0.0,0.0,0.0,0.0,0.0,0.0,0.0,0.0,6.788153708566185e-06,3.9233152901894015e-05
Si30-41,0.0,0.0,0.0,0.0,0.0,0.0,0.0,0.0,0.0,0.0008704161618312529,0.0017827253947682513
Si30-183,0.0,0.0,0.0,0.0,0.0,0.0,0.0,0.0,0.0,4.3843975062235613e-07,4.048601491524055e-05
Si30-190,0.0,0.0,0.0,0.0,0.0,0.0,0.0,0.0,0.0,4.60030198607774e-08,6.432639412916689e-05
Si30-105,0.0,0.0,0.0,0.0,0.0,0.0,0.0,0.0,5.149371616606633e-06,5.805973337693626e-05,2.414514612788477e-05
Si30-107,0.0,0.0,0.0,0.0,0.0,0.0,0.0,6.753335761523665e-05,0.0010456776290132968,0.0001698991489906352,1.4655939290053519e-05
Si30-116,0.0,0.0,0.0,0.0,0.0,0.0,0.0,0.0,0.0,2.337416706334989e-06,7.660712997777492e-06
P31-34,0.0,0.0,0.0,0.0,0.0,0.0,0.0,0.0,0.0,0.0005906399976463527,0.002198350265984934
P31-183,0.0,0.0,0.0,0.0,0.0,0.0,0.0,0.0,0.0,0.00018794032884606533,0.005353064119791279
P31-186,0.0,0.0,0.0,0.0,0.0,0.0,0.0,0.0,0.0,1.2740591386575487e-08,0.00021879003305735778
P31-190,0.0,0.0,0.0,0.0,0.0,0.0,0.0,0.0,0.0,6.283473590061546e-05,0.009136858505727397
P31-192,0.0,0.0,0.0,0.0,0.0,0.0,0.0,0.0,0.0,3.935364160362014e-08,1.649310006696321e-05
P31-103,0.0,0.0,0.0,0.0,0.0,0.0,2.008465215548791e-06,0.06539324792386791,0.05374944002486141,0.016881569849307974,0.009726199578362061
P31-107,0.0,0.0,0.0,0.0,0.0,0.0,0.0,0.026814068840024692,0.0646242597487562,0.003779131668175929,0.00030680023136526644
P31-112,0.0,0.0,0.0,0.0,0.0,0.0,0.0,0.0,5.5073971910909825e-05,0.002670502076802835,0.0007011432811283015
P31-116,0.0,0.0,0.0,0.0,0.0,0.0,0.0,0.0,0.0,0.00041462838089020577,0.0010868600056917858
S32-186,0.0,0.0,0.0,0.0,0.0,0.0,0.0,0.0,0.0,1.712762251416935e-07,0.0010891543279449181
S32-192,0.0,0.0,0.0,0.0,0.0,0.0,0.0,0.0,0.0,2.6495265235294676e-07,7.420676561907579e-05
S32-112,0.0,0.0,0.0,0.0,0.0,0.0,0.0,0.0,0.0005988639363075492,0.011844504993249445,0.0028350333443650255
S33-45,0.0,0.0,0.0,0.0,0.0,0.0,0.0,0.0,0.0,2.5602288032510084e-05,7.577923921516868e-05
S33-193,0.0,0.0,0.0,0.0,0.0,0.0,0.0,0.0,0.0,4.771559607072975e-08,6.605040748352496e-07
S33-117,0.0,0.0,0.0,0.0,0.0,0.0,0.0,0.0,1.3323959213674111e-14,6.183169374743767e-06,1.087206212945421e-05
S34-155,0.0,0.0,0.0,0.0,0.0,0.0,0.0,0.0,0.0,2.6877536475804276e-06,1.2695823480072858e-05
S34-158,0.0,0.0,0.0,0.0,0.0,0.0,0.0,0.0,0.0,3.226590288691504e-07,5.537139073841426e-05
S34-159,0.0,0.0,0.0,0.0,0.0,0.0,0.0,0.0,0.0,4.451598851532884e-08,0.00014952595267545815
S34-108,0.0,0.0,0.0,0.0,0.0,0.0,0.0,0.0,7.819127172641068e-10,1.2403185838714985e-05,4.2099162600099605e-06
Cl35-108,0.0,0.0,0.0,0.0,0.0,0.0,0.0,3.3182740686157977e-19,2.0309332336691988e-05,0.0012263718475001252,0.0002932235747582047
Cl37-30,0.0,0.0,0.0,0.0,0.0,0.0,0.0,0.0,0.0,4.895138319258162e-08,0.0001334531852959498
K39-109,0.0,0.0,0.0,0.0,0.0,0.0,0.0,0.0,1.2841110097616882e-18,2.5124786597271717e-06,3.7169545296633595e-05
Sc45-102,22.510701278670698,5.741813900568355,2.1197635102973194,1.0301762491054494,0.31458529773161187,0.05027198621283118,0.009566497633440262,0.0007363344031567642,0.00039069952512720864,0.00010068443761473777,4.060003933499555e-05
Ti46-16,0.0,0.0,0.0,0.0,0.0,0.0,0.0,0.0,0.004373741356407546,0.008082424244417422,0.003552055337777454
Ti46-103,0.0,0.0,0.0,0.0,0.0,0.0,0.0,0.00591562127317878,0.01063088044180742,0.0024316548517570027,0.0008992102125253251
Ti47-17,0.0,0.0,0.0,0.0,0.0,0.0,0.0,0.0,0.0,0.001708210750684174,0.0016515062790226367
Ti47-103,0.0,0.0,0.0,0.0,0.0,0.0,8.362193084491158e-07,0.003021888658621124,0.004926766613623071,0.0016088778179642355,0.0006516182254155858
Ti48-28,0.0,0.0,0.0,0.0,0.0,0.0,0.0,0.0,0.018556006787126496,0.07014307400682543,0.0420207139501734
Ti48-37,0.0,0.0,0.0,0.0,0.0,0.0,0.0,0.0,0.0,0.00015460925546879575,0.006682278423406889
Ti48-103,0.0,0.0,0.0,0.0,0.0,0.0,0.0,0.003030939577483065,0.021753539673988718,0.009844483194958968,0.003854386576000941
Ti48-104,0.0,0.0,0.0,0.0,0.0,0.0,0.0,3.1449906053693574e-08,0.0036732369346416617,0.014433443063156064,0.009419953719741282
Ti49-152,0.0,0.0,0.0,0.0,0.0,0.0,0.0,0.0,0.0,0.0,5.7144540377365806e-05
Ti49-28,0.0,0.0,0.0,0.0,0.0,0.0,0.0,0.0,0.0005384985508590707,0.0029551936511507857,0.002353535381495993
Ti49-32,0.0,0.0,0.0,0.0,0.0,0.0,0.0,0.0,1.691972270602097e-08,0.0004939005364208856,0.0007578353655609914
Ti49-41,0.0,0.0,0.0,0.0,0.0,0.0,0.0,0.0,2.2233874344291815e-15,0.002155793405104754,0.0034992102726853058
Ti49-104,0.0,0.0,0.0,0.0,0.0,0.0,0.0,9.56750843772334e-12,0.0001517699221502223,0.0006064323968082672,0.00035578381596616067
Ti49-105,0.0,0.0,0.0,0.0,0.0,0.0,0.0,0.0,1.3624990730822943e-05,0.00017686093220006926,8.804172821951092e-05
Ti50-11,0.0,0.0,0.0,0.0,0.0,0.0,0.0,0.0,0.0,3.7125318668332046e-05,0.0006720583843229536
Ti50-32,0.0,0.0,0.0,0.0,0.0,0.0,0.0,0.0,0.0,0.0003008274196860902,0.000591348051612685
Ti50-33,0.0,0.0,0.0,0.0,0.0,0.0,0.0,0.0,0.0,7.737931050509614e-05,0.00018289289643566372
Ti50-41,0.0,0.0,0.0,0.0,0.0,0.0,0.0,0.0,0.0,0.000836960402931469,0.0021985108046348634
Ti50-42,0.0,0.0,0.0,0.0,0.0,0.0,0.0,0.0,0.0,3.774310859454835e-05,0.0020590831156530897
Ti50-105,0.0,0.0,0.0,0.0,0.0,0.0,0.0,0.0,1.2278388130978196e-06,8.849439964101461e-05,5.158309982720355e-05
V51-22,0.0,0.0,0.0,0.0,0.0,0.0,0.0,0.0,0.0023404750860741928,0.02145096109022819,0.006171635246027054
V51-34,0.0,0.0,0.0,0.0,0.0,0.0,0.0,0.0,0.0,0.00035283548063923893,0.0025488858123967786
V51-176,0.0,0.0,0.0,0.0,0.0,0.0,0.0,0.0,0.0,2.7426710890966813e-06,0.0029793780319146168
V51-179,0.0,0.0,0.0,0.0,0.0,0.0,0.0,0.0,0.0,6.52053756527348e-15,0.0006283346672496651
V51-183,0.0,0.0,0.0,0.0,0.0,0.0,0.0,0.0,0.0,9.532567730957062e-06,0.0007812278308410229
V51-184,0.0,0.0,0.0,0.0,0.0,0.0,0.0,0.0,0.0,1.4242062109957782e-06,0.0005106417262396311
V51-190,0.0,0.0,0.0,0.0,0.0,0.0,0.0,0.0,0.0,3.4840838928282485e-06,0.0017998595846192157
V51-107,0.0,0.0,0.0,0.0,0.0,0.0,0.0,0.00039110041703011245,0.008867719553504289,0.0037826495829556585,0.0005094652085270277
V51-116,0.0,0.0,0.0,0.0,0.0,0.0,0.0,0.0,0.0,2.557263134314262e-05,0.00013759175063484376
Cr50-24,0.0,0.0,0.0,0.0,0.0,0.0,0.0,0.0,0.0,0.00011159048644746658,0.00030106373916625296
Cr50-177,0.0,0.0,0.0,0.0,0.0,0.0,0.0,0.0,0.0,0.0,3.2145905921503063e-06
Cr50-102,0.5738940021701089,0.14650079813601985,0.05436609910838523,0.026903615484774164,0.009478857471948418,0.002577016288312828,0.00018685527434446196,4.1766971876802885e-05,1.120875808385988e-05,3.012983420590431e-06,1.1351402477739233e-06
Cr52-16,0.0,0.0,0.0,0.0,0.0,0.0,0.0,0.0,0.1762448087516589,0.19084780442870888,0.07531566308960959
Cr52-165,0.0,0.0,0.0,0.0,0.0,0.0,0.0,0.0,0.0,0.0,2.9154702616560418e-05
Cr52-45,0.0,0.0,0.0,0.0,0.0,0.0,0.0,0.0,0.0,0.00041243665192783525,0.002889291512730008
Cr52-112,0.0,0.0,0.0,0.0,0.0,0.0,0.0,0.0,1.0630435684518913e-08,0.00040058912599318406,0.00024395349031983328
Cr52-117,0.0,0.0,0.0,0.0,0.0,0.0,0.0,0.0,6.888781908648957e-16,2.8409330840483402e-05,0.0001725868983575057
Cr53-17,0.0,0.0,0.0,0.0,0.0,0.0,0.0,0.0,0.0,0.011846075352179438,0.0071636206478390705
Cr53-159,0.0,0.0,0.0,0.0,0.0,0.0,0.0,0.0,0.0,3.417300077156667e-08,0.00016650543494250327
Mn55-16,0.0,0.0,0.0,0.0,0.0,0.0,0.0,0.0,0.3850861360207336,0.2307129323684206,0.04072462752417745
Mn55-29,0.0,0.0,0.0,0.0,0.0,0.0,0.0,0.0,2.1397319597040644e-18,1.8765958765887768e-05,0.000263347914327762
Mn55-156,0.0,0.0,0.0,0.0,0.0,0.0,0.0,0.0,0.0,1.7787116714469116e-07,0.013825676300317594
Mn55-102,10.983372206169175,2.806874714716378,1.0500605768726068,0.536883982605791,0.2530720924144072,1.4352137690091822,0.005364620395077611,0.0004892856559202204,0.0003242158978932993,3.951581950144633e-05,2.108482342012143e-06
Fe54-16,0.0,0.0,0.0,0.0,0.0,0.0,0.0,0.0,0.0010961339719320468,0.0027269686533438996,0.0017672029724476077
Fe54-30,0.0,0.0,0.0,0.0,0.0,0.0,0.0,0.0,0.0,7.276722998586755e-14,5.428034409184445e-06
Fe56-24,0.0,0.0,0.0,0.0,0.0,0.0,0.0,0.0,0.0,0.007149017984467479,0.013533949150470164
Fe56-32,0.0,0.0,0.0,0.0,0.0,0.0,0.0,0.0,7.528892816919973e-10,0.0076707905702643716,0.012333248804591903
Fe56-41,0.0,0.0,0.0,0.0,0.0,0.0,0.0,0.0,0.0,0.08345704484146325,0.09432083762326962
Fe56-103,0.0,0.0,0.0,0.0,0.0,0.0,0.0,0.01147501126060248,0.04743704004794424,0.01603458663843925,0.006262104934840641
Fe57-28,0.0,0.0,0.0,0.0,0.0,0.0,0.0,0.0,0.0004038998009352621,0.001374411149928135,0.0009703812718224367
Fe57-104,0.0,0.0,0.0,0.0,0.0,0.0,0.0,1.3222103984160942e-11,7.18183307279068e-05,0.00021951021906420394,0.00012388688254599353
Fe58-32,0.0,0.0,0.0,0.0,0.0,0.0,0.0,0.0,8.943538053138017e-11,1.724292197222093e-05,2.822037778355622e-05
Fe58-41,0.0,0.0,0.0,0.0,0.0,0.0,0.0,0.0,0.0,8.414227107558939e-05,0.0001293990266942057
Fe58-105,0.0,0.0,0.0,0.0,0.0,0.0,0.0,0.0,2.451704101067202e-07,5.205638118326195e-06,2.5126654978983286e-06
Co59-17,0.0,0.0,0.0,0.0,0.0,0.0,0.0,0.0,0.00010438749441469936,0.13397062005209037,0.07019456599318713
Co59-24,0.0,0.0,0.0,0.0,0.0,0.0,0.0,0.0,3.713752524674465e-14,0.013032553671704118,0.01574222824187446
Co59-34,0.0,0.0,0.0,0.0,0.0,0.0,0.0,0.0,0.0,0.00047497908308140855,0.0022278313549684756
Co59-183,0.0,0.0,0.0,0.0,0.0,0.0,0.0,0.0,0.0,4.343452442614688e-05,0.0014290659261867046
Co59-190,0.0,0.0,0.0,0.0,0.0,0.0,0.0,0.0,0.0,6.0659371075666684e-05,0.005376284109469465
Co59-102,30.75307092828358,7.872922709008766,2.9757820954729737,1.5698792431454365,1.6691553222122821,5.057334887823763,0.00665627548960457,0.0009980130979039621,0.0003688563475978904,6.50000841452346e-05,2.6696690225380506e-05
Co59-103,0.0,0.0,0.0,0.0,0.0,0.0,3.225693251325984e-09,0.008641055272877327,0.026144085591365936,0.011242335476883457,0.00493051140276385
Co59-107,0.0,0.0,0.0,0.0,0.0,0.0,1.3446061396004159e-09,0.0021832280078408106,0.014071674482859623,0.0025132299162420628,0.0002958317600782141
Co59-116,0.0,0.0,0.0,0.0,0.0,0.0,0.0,0.0,2.5860138285750258e-21,7.465208318425388e-05,0.0002479611038003316
Ni58-16,0.0,0.0,0.0,0.0,0.0,0.0,0.0,0.0,0.01449386164141429,0.02372921681561542,0.007983089797319815
Ni58-28,0.0,0.0,0.0,0.0,0.0,0.0,0.0,4.591535741477996e-05,0.2220145229642672,0.1893103819987205,0.08384675432172081
Ni58-197,0.0,0.0,0.0,0.0,0.0,0.0,0.0,0.0,1.7142786048503302e-15,0.0002928474085550361,0.0005285825555709148
Ni58-104,0.0,0.0,0.0,0.0,0.0,0.0,0.0,0.00010259251982501444,0.008579134180284283,0.016048341929117825,0.009224748802188106
Ni58-112,0.0,0.0,0.0,0.0,0.0,0.0,0.0,2.232830602763639e-15,0.002930628532398031,0.028390345044486343,0.006853459447344967
Ni60-37,0.0,0.0,0.0,0.0,0.0,0.0,0.0,0.0,0.0,1.80262000503312e-05,0.00048393264794406056
Ni60-42,0.0,0.0,0.0,0.0,0.0,0.0,0.0,0.0,0.0,0.0015556786287685975,0.02188467486798425
Ni60-186,0.0,0.0,0.0,0.0,0.0,0.0,0.0,0.0,0.0,3.4995829668767913e-10,7.033052015870381e-05
Ni60-112,0.0,0.0,0.0,0.0,0.0,0.0,0.0,1.8360851407712872e-20,1.244314403704323e-06,0.0004159249934608841,0.00014406106319108685
Ni61-45,0.0,0.0,0.0,0.0,0.0,0.0,0.0,0.0,5.481273105395554e-18,8.746798332209114e-06,2.7113145006353807e-05
Ni62-158,0.0,0.0,0.0,0.0,0.0,0.0,0.0,0.0,0.0,2.4266415063249926e-08,7.00258138660379e-06
Ni62-159,0.0,0.0,0.0,0.0,0.0,0.0,0.0,0.0,0.0,2.185534482205005e-08,6.417275621889585e-05
Cu63-16,0.0,0.0,0.0,0.0,0.0,0.0,0.0,0.0,0.19273904313916715,0.13538995241850457,0.05366954355772857
Cu63-25,0.0,0.0,0.0,0.0,0.0,0.0,0.0,0.0,0.0,0.0005442152937074688,0.010471666384576266
Cu63-102,2.557060844632461,0.6522473224414119,0.24087640526873072,0.11721018044188652,0.036479640575278305,0.6072383329133062,0.009609472304568522,0.00205208410446063,0.001113953430641851,0.00042743186791132824,0.0001899322977576351
Cu63-108,0.0,0.0,0.0,0.0,0.0,0.0,0.0,3.4528641939226254e-19,1.3626949101156957e-07,9.051057627323502e-05,3.4655757904535477e-05
Cu65-16,0.0,0.0,0.0,0.0,0.0,0.0,0.0,0.0,0.1474042141788449,0.047506708387566834,0.009823784096231638
Cu65-30,0.0,0.0,0.0,0.0,0.0,0.0,0.0,0.0,0.0,1.6391447838520403e-08,5.9894847997778225e-05
Cu65-37,0.0,0.0,0.0,0.0,0.0,0.0,0.0,0.0,0.0,0.0035294867062198193,0.017747538678151827
Zn64-32,0.0,0.0,0.0,0.0,0.0,0.0,0.0,0.0,3.6536846192023197e-07,0.003975587505668336,0.0057695721443071476
Zn64-41,0.0,0.0,0.0,0.0,0.0,0.0,0.0,0.0,6.300244182214474e-07,0.0566772427530408,0.05410581847852055
Zn64-103,0.0,0.0,0.0,0.0,0.0,0.0,2.0954435051932176e-06,0.04705783240621658,0.04604915846592797,0.010267491589257357,0.003995179695621187
Zn64-105,0.0,0.0,0.0,0.0,0.0,0.0,0.0,0.0,0.00025428608220527806,0.002888659019720202,0.0014070690050349691
Zn66-154,0.0,0.0,0.0,0.0,0.0,0.0,0.0,0.0,0.0,1.6842092675317523e-05,0.0005949827166045014
Zn66-156,0.0,0.0,0.0,0.0,0.0,0.0,0.0,0.0,0.0,1.4633185233924681e-08,0.00354485089424836
Zn66-32,0.0,0.0,0.0,0.0,0.0,0.0,0.0,0.0,8.057142904435673e-08,0.002389695571067339,0.0036870455206574307
Zn66-157,0.0,0.0,0.0,0.0,0.0,0.0,0.0,0.0,0.0,7.96184648662308e-09,0.0009129312932469146
Zn66-41,0.0,0.0,0.0,0.0,0.0,0.0,0.0,0.0,3.7570382895071105e-09,0.020294357132328026,0.02245071017115493
Zn66-105,0.0,0.0,0.0,0.0,0.0,0.0,0.0,0.0,6.144353461203307e-05,0.0007899871200697644,0.0003932663581721272
Zn67-11,0.0,0.0,0.0,0.0,0.0,0.0,0.0,0.0,0.0,8.956886162267239e-05,0.0005845270473834518
Zn67-33,0.0,0.0,0.0,0.0,0.0,0.0,0.0,0.0,4.7277655447137987e-11,0.00013663413167323789,0.00018240089231715147
Zn67-42,0.0,0.0,0.0,0.0,0.0,0.0,0.0,0.0,0.0,0.000310269781877035,0.002705854156173006
Zn67-162,0.0,0.0,0.0,0.0,0.0,0.0,0.0,0.0,0.0,0.0,1.1791089451566296e-05
Zn67-169,0.0,0.0,0.0,0.0,0.0,0.0,0.0,0.0,0.0,0.0,1.0566330798381156e-05
Zn67-172,0.0,0.0,0.0,0.0,0.0,0.0,0.0,0.0,0.0,1.4169593957218339e-12,3.029856097077473e-05
Zn67-103,4.111855843065582e-05,1.0498944690780563e-05,3.899146768972344e-06,1.9360926449645524e-06,7.63934269834127e-07,2.6795925722724825e-05,1.5916013537296877e-07,0.00015039473887182468,0.0008068084528398546,0.0005491350389517021,0.00017915136721613495
Zn68-28,0.0,0.0,0.0,0.0,0.0,0.0,0.0,0.0,0.0017081445133845707,0.009571376560820804,0.008004159294409726
Zn68-154,0.0,0.0,0.0,0.0,0.0,0.0,0.0,0.0,0.0,3.174786879155986e-05,0.0006191278891135939
Zn68-156,0.0,0.0,0.0,0.0,0.0,0.0,0.0,0.0,0.0,4.452433083650148e-09,0.003078019368544008
Zn68-157,0.0,0.0,0.0,0.0,0.0,0.0,0.0,0.0,0.0,1.335097712319766e-07,0.0010623365882516246
Zn68-173,0.0,0.0,0.0,0.0,0.0,0.0,0.0,0.0,0.0,0.0,2.183353814168851e-06
Zn68-104,0.0,0.0,0.0,0.0,0.0,0.0,0.0,4.2158159120064145e-10,0.0005404449520122508,0.0022450266249048802,0.0013810448576666399
Zn70-42,0.0,0.0,0.0,0.0,0.0,0.0,0.0,0.0,0.0,1.4123516433670303e-05,0.00020679980136477483
Ga69-24,0.0,0.0,0.0,0.0,0.0,0.0,0.0,0.0,4.9761725678991895e-08,0.010026413536431437,0.009408968391927801
Ga69-44,0.0,0.0,0.0,0.0,0.0,0.0,0.0,0.0,6.257231037963509e-13,0.0004947498202169092,0.00115206551915452
Ga69-165,0.0,0.0,0.0,0.0,0.0,0.0,0.0,0.0,0.0,4.157888451620636e-10,0.001842089284184559
Ga69-177,0.0,0.0,0.0,0.0,0.0,0.0,0.0,0.0,0.0,4.4273381631124714e-13,0.0007567223107975842
Ga69-106,0.0,0.0,0.0,0.0,0.0,0.0,0.0,5.893171923569859e-22,3.1322617731326574e-06,0.0005171179193655192,0.000425863055512662
Ga69-115,0.0,0.0,0.0,0.0,0.0,0.0,0.0,0.0,1.0135648785256304e-10,7.123959078869985e-05,0.00016751993249844883
Ga71-22,0.0,0.0,0.0,0.0,0.0,0.0,0.0,3.1512731342336534e-08,0.0014451949149843501,0.005094828594221975,0.001173223864967965
Ga71-165,0.0,0.0,0.0,0.0,0.0,0.0,0.0,0.0,0.0,1.3519127484369067e-08,0.002105422185268092
Ga71-176,0.0,0.0,0.0,0.0,0.0,0.0,0.0,0.0,0.0,1.08020315385952e-05,0.0013687106423133939
Ga71-179,0.0,0.0,0.0,0.0,0.0,0.0,0.0,0.0,0.0,6.736600006570523e-11,0.00015991363476746038
Ge70-158,0.0,0.0,0.0,0.0,0.0,0.0,0.0,0.0,0.0,3.040735029356544e-06,0.00011388373583637082
Ge70-159,0.0,0.0,0.0,0.0,0.0,0.0,0.0,0.0,0.0,1.43721627001459e-05,0.001322549875118403
Ge70-196,0.0,0.0,0.0,0.0,0.0,0.0,0.0,0.0,0.0,0.0,1.611026376884794e-06
Ge72-45,0.0,0.0,0.0,0.0,0.0,0.0,0.0,0.0,9.40619551949177e-16,3.81276636510426e-05,0.00014825421985644043
As75-16,0.0,0.0,0.0,0.0,0.0,0.0,0.0,0.0,0.5062967579557868,0.2690734511056477,0.10181066888017128
As75-29,0.0,0.0,0.0,0.0,0.0,0.0,0.0,0.0,1.104858701907083e-14,1.6939607436380616e-05,7.830305686291165e-05
Se76-32,0.0,0.0,0.0,0.0,0.0,0.0,0.0,0.0,7.154857852593537e-11,0.000589269465113267,0.0011166508675738813
Se76-41,0.0,0.0,0.0,0.0,0.0,0.0,0.0,0.0,0.0,0.0044264313398107045,0.0056549269506388
Se77-42,0.0,0.0,0.0,0.0,0.0,0.0,0.0,0.0,0.0,0.00030031758590093755,0.004174824492264848
Se78-156,0.0,0.0,0.0,0.0,0.0,0.0,0.0,0.0,0.0,2.0599266856581628e-09,0.0029875331050570387
Br79-24,0.0,0.0,0.0,0.0,0.0,0.0,0.0,0.0,1.4964178347664092e-12,0.004367116146429036,0.005752232693842422
Br81-165,0.0,0.0,0.0,0.0,0.0,0.0,0.0,0.0,0.0,2.915363651194101e-12,0.0014553810100650401
Y89-16,0.0,0.0,0.0,0.0,0.0,0.0,0.0,0.0,0.4773003363575925,0.3376340112792961,0.08095065431998089
Zr90-16,0.0,0.0,0.0,0.0,0.0,0.0,0.0,0.0,0.20785504417794004,0.20260966059940744,0.08360950380185467
Zr90-32,0.0,0.0,0.0,0.0,0.0,0.0,0.0,0.0,4.0718977326107426e-11,0.0032958367833814143,0.00814100331918581
Zr90-41,0.0,0.0,0.0,0.0,0.0,0.0,0.0,0.0,0.0,0.0327734336232846,0.04596864914772191
Zr91-42,0.0,0.0,0.0,0.0,0.0,0.0,0.0,0.0,0.0,0.0007931701783906574,0.008549661188196344
Zr96-16,0.0,0.0,0.0,0.0,0.0,0.0,0.0,0.0024613897449075163,0.0221090251507804,0.006196965836831273,0.002874780891559854
Zr96-102,0.0005326538406133831,0.00013660666883866322,5.222706394770314e-05,2.8547696750822876e-05,2.4294247136666053e-05,0.03023415591443749,0.00019547323910651444,0.00011909768059600112,2.9904615371837665e-05,1.913526835841279e-05,8.730083396756544e-06
Nb93-24,0.0,0.0,0.0,0.0,0.0,0.0,0.0,0.0,3.14829599646143e-09,0.011142829618943622,0.0161776380520336
Mo100-34,0.0,0.0,0.0,0.0,0.0,0.0,0.0,0.0,1.3024032868077818e-16,1.755230222448316e-05,0.0001307712030464778
Mo100-107,3.850842841435267e-18,9.823161571327188e-19,3.6307708431945863e-19,1.7747379382748468e-19,3.0661217816663308e-18,1.3192166960689766e-17,6.463031470871879e-16,1.2950489340554679e-06,0.00019911927726350994,0.00013223332236700003,1.8646333562137798e-05
Ru102-102,0.3314018345438638,0.08457400812109421,0.03138654935177107,0.10979389704801064,0.14652300855352718,0.09263113511307258,0.014892048050840281,0.0025262503507696116,0.0001905772909816573,5.064648710854138e-05,2.439982006035118e-05
Ru104-16,0.0,0.0,0.0,0.0,0.0,0.0,0.0,0.004735941894374292,0.14370103890349042,0.04851323281870402,0.0234150836494167
Rh103-103,3.9553540954495205e-21,3.95535409544952e-21,3.95535409544952e-21,3.95535409544952e-21,3.95535409544952e-21,3.9553540954495205e-21,1.8514298468463503e-12,0.001903603513354997,0.012408600918506811,0.012025948975378661,0.004966235156388332
Pd108-24,0.0,0.0,0.0,0.0,0.0,0.0,0.0,0.0,4.1520775767660683e-10,0.0011563627672485323,0.0016348768917676911
In113-102,0.4231597169318643,0.13525576426974373,2.871771749677812,0.2029369097908503,1.0026501522077425,0.1823536960183173,0.009443623490445176,0.0014818749702605507,2.2835421554734416e-05,4.120592148379017e-06,2.131990460170936e-06
In115-102,158.11298035950736,57.37437915519308,1020.5760723149295,47.02815659883817,4.090288851375094,2.572346955659981,0.16008874241774287,0.023862679695451975,0.00047145283957919634,9.338623399473334e-05,4.3559980015043944e-05
I127-16,0.0,0.0,0.0,0.0,0.0,0.0,0.0,0.004403108969305621,0.7907434787745264,0.1693036563960225,0.05628685096766513
Xe129-11,0.0,0.0,0.0,0.0,0.0,0.0,0.0,0.0,0.0,0.0003460192802031871,0.003325644040310825
Xe129-33,0.0,0.0,0.0,0.0,0.0,0.0,0.0,0.0,6.518415633001108e-11,0.0008355500620407159,0.0012468473481101422
Xe129-42,0.0,0.0,0.0,0.0,0.0,0.0,0.0,0.0,0.0,0.0006346824450211588,0.008989759948714388
Xe131-103,0.0,0.0,0.0,0.0,0.0,0.0,4.96262594610347e-19,1.974190609993935e-05,0.0009146158928589645,0.0016184353938880499,0.0007725528519069128
Xe132-28,0.0,0.0,0.0,0.0,0.0,0.0,0.0,5.841311176572032e-16,0.0002840228232816375,0.008219205724725126,0.009921563112110248
Xe132-104,0.0,0.0,0.0,0.0,0.0,0.0,0.0,7.83553667761635e-13,0.00024557382974646323,0.0020707007717027806,0.0015748053596406142
Xe134-11,0.0,0.0,0.0,0.0,0.0,0.0,0.0,0.0,0.0,0.00010397475913952669,0.0010524564001811792
Xe134-33,0.0,0.0,0.0,0.0,0.0,0.0,0.0,0.0,5.5938573067739365e-11,0.00021979039924195553,0.0003335195924264386
Xe134-42,0.0,0.0,0.0,0.0,0.0,0.0,0.0,0.0,0.0,0.00011051936229471619,0.002820767497118825
Xe136-22,0.0,0.0,0.0,0.0,0.0,0.0,0.0,1.148413384179911e-13,4.64099579346191e-06,0.0002913077746568501,0.00013289587827980712
Xe136-176,0.0,0.0,0.0,0.0,0.0,0.0,0.0,0.0,0.0,4.954122294317657e-08,9.829668131155232e-05
Cs133-165,0.0,0.0,0.0,0.0,0.0,0.0,0.0,0.0,0.0,1.1234825473718682e-07,0.004338812782804412
Cs133-106,0.0,0.0,0.0,0.0,0.0,0.0,0.0,1.1067007140405774e-21,2.0543119753840734e-08,0.0003797238259489779,0.0005677671448011139
La139-102,7.452889713247593,1.8969117433854816,0.7166368508137696,0.2826052600242584,3.824868231868407,0.1114803978355767,0.006871136530842654,0.0017867663445092397,0.00047428662659169756,8.025778180887232e-05,4.324741179545715e-05
Ce140-102,0.4207062901506926,0.10673230445004112,0.03810596885456089,0.016645154137455185,0.002921651300533432,9.711341522322805e-05,0.003577187309640312,0.0016724591854569632,0.0005581076000867829,0.00015166123563775024,8.031046180352429e-05
Ce140-103,0.0,0.0,0.0,0.0,0.0,0.0,0.0,5.870137860317962e-05,0.004657053383370238,0.00900061273214064,0.004247287529130818
Ce142-16,0.0,0.0,0.0,0.0,0.0,0.0,0.0,0.022444644618101122,0.10520883013752137,0.02404341279799992,0.012030960952096922
Ce142-32,0.0,0.0,0.0,0.0,0.0,0.0,0.0,0.0,1.160382213340036e-07,0.0004990373329501702,0.0007495017681994118
Ce142-41,0.0,0.0,0.0,0.0,0.0,0.0,0.0,0.0,4.432462584471745e-09,0.0014294659050489004,0.003393766023241659
Ce142-102,0.09234167499548501,0.023571833002214347,0.008747926631069089,0.004328770502577778,0.0015338683939297329,0.0009565484389293427,0.000744478627217514,0.0001983334223807576,6.74741638277968e-05,4.175102718958897e-05,2.15028097583818e-05
Ce142-105,0.0,0.0,0.0,0.0,0.0,0.0,0.0,1.49955856796637e-16,2.6308088863091506e-05,0.00019909951339337395,8.25775479504236e-05
Pr141-16,0.0,0.0,0.0,0.0,0.0,0.0,0.0,0.0016079161232932864,0.8910991909387005,0.31145319943291355,0.113257196845168
Pr141-103,2.6828998414245596e-21,2.6828998414245604e-21,2.6828998414245596e-21,2.6828998414245592e-21,2.6828998414245596e-21,2.6828998414245596e-21,1.395398290793769e-15,0.00014763196971116736,0.00610885656247035,0.008240389785852694,0.00355413066902757
Nd142-32,0.0,0.0,0.0,0.0,0.0,0.0,0.0,0.0,1.0515545961320891e-08,0.001596212267675891,0.0038480504495598403
Nd142-41,0.0,0.0,0.0,0.0,0.0,0.0,0.0,0.0,1.886282319927621e-09,0.005169222533905549,0.013757155449753934
Nd142-105,0.0,0.0,0.0,0.0,0.0,0.0,0.0,7.393027459541792e-17,2.5380135998497055e-05,0.0008520935179779581,0.0005547782536052514
Nd143-11,0.0,0.0,0.0,0.0,0.0,0.0,0.0,0.0,0.0,0.0001902030759696972,0.001779444735394864
Nd143-33,0.0,0.0,0.0,0.0,0.0,0.0,0.0,0.0,1.6749050411455136e-09,0.0004753918280442327,0.0007344865220757928
Nd143-42,0.0,0.0,0.0,0.0,0.0,0.0,0.0,0.0,0.0,0.00040301214528243957,0.0048519904229850285
Nd144-154,0.0,0.0,0.0,0.0,0.0,0.0,0.0,0.0,0.0,0.00011313919042408139,0.0012185231201453954
Nd144-156,0.0,0.0,0.0,0.0,0.0,0.0,0.0,0.0,0.0,2.9500495935393774e-06,0.004635571490770665
Nd144-157,0.0,0.0,0.0,0.0,0.0,0.0,0.0,0.0,0.0,4.10242574213415e-06,0.001898937736310347
Nd144-107,2.4227408047451377e-06,6.167458966609689e-07,2.2508464009952343e-07,1.058418107657649e-07,3.249338707888872e-08,4.978836872315717e-07,6.672638858523326e-08,2.0356221731873103e-05,0.0014889278245118814,0.0007623254220002394,9.66259702663558e-05
Nd145-22,4.994161332268e-22,4.994161332267999e-22,4.994161332268e-22,4.994161332268e-22,4.994161332268001e-22,4.994161332267999e-22,4.994161332267999e-22,5.431868319278233e-07,0.00025126518099839615,0.000869592563728528,0.00021023339283103516
Nd145-162,0.0,0.0,0.0,0.0,0.0,0.0,0.0,0.0,0.0,1.8371862125054994e-13,0.00037898522353855846
Nd145-169,0.0,0.0,0.0,0.0,0.0,0.0,0.0,0.0,0.0,1.2092384545544552e-11,0.00022020550023252317
Nd145-172,0.0,0.0,0.0,0.0,0.0,0.0,0.0,0.0,0.0,7.887192538057295e-07,0.0002887658591972163
Nd146-24,0.0,0.0,0.0,0.0,0.0,0.0,0.0,3.698288082087128e-15,1.4634864414543522e-06,0.0008927552849748293,0.0008304735539562133
Nd146-34,0.0,0.0,0.0,0.0,0.0,0.0,0.0,0.0,2.0514426827762677e-15,3.639249450000879e-05,0.0002232013410083758
Nd146-163,0.0,0.0,0.0,0.0,0.0,0.0,0.0,0.0,0.0,0.0,2.0240465380390345e-05
Nd146-170,0.0,0.0,0.0,0.0,0.0,0.0,0.0,0.0,0.0,0.0,2.4076094230828176e-05
Nd146-173,0.0,0.0,0.0,0.0,0.0,0.0,0.0,0.0,0.0,1.2852078832564457e-14,0.00012844243759782081
Nd146-107,5.0669575736876925e-08,1.2842060448855258e-08,4.5582493765747904e-09,1.9620255428199196e-09,3.608913211615471e-10,1.9113170618252814e-08,2.3529740507460115e-09,2.3075550030620173e-06,0.0003589422639623621,0.0002217446259010898,2.7389906476677684e-05
Nd148-24,0.0,0.0,0.0,0.0,0.0,0.0,0.0,2.466003944600202e-15,1.258216654419728e-07,0.00021270452167845442,0.0001841854532905006
Nd150-165,0.0,0.0,0.0,0.0,0.0,0.0,0.0,0.0,4.197342941986693e-18,3.867422430859583e-06,0.00021429553342616143
Sm144-186,0.0,0.0,0.0,0.0,0.0,0.0,0.0,0.0,3.689381241974743e-22,3.1435758281499816e-11,6.877095209880083e-07
Sm144-112,1.8548193540799998e-22,1.8548193540799995e-22,1.8548193540799998e-22,1.8548193540799995e-22,1.8548193540800002e-22,1.8548193540799998e-22,1.8548193540799995e-22,7.754674698412286e-14,9.972638953194895e-09,1.128198240929669e-06,1.091788939912705e-06
Sm147-181,0.0,0.0,0.0,0.0,0.0,0.0,0.0,0.0,0.0,1.0424538080765092e-09,2.3512330624626284e-05
Sm147-189,0.0,0.0,0.0,0.0,0.0,0.0,0.0,0.0,1.5221623038881974e-18,2.0345126459059708e-08,1.2550133454835604e-06
Sm148-196,0.0,0.0,0.0,0.0,0.0,0.0,0.0,0.0,0.0,1.7519215659609108e-16,1.6848931891611445e-06
Eu151-195,0.0,0.0,0.0,0.0,0.0,0.0,0.0,0.0,4.200701852841403e-21,9.487252972265221e-14,2.7088239651739113e-06
Tm169-16,0.0,0.0,0.0,0.0,0.0,0.0,0.0,0.0672690415430383,1.029635128012921,0.19265644291312978,0.08595293108214319
Tm169-17,0.0,0.0,0.0,0.0,0.0,0.0,0.0,0.0,0.13322380763004926,0.592995937463387,0.16735942315988384
Yb170-11,0.0,0.0,0.0,0.0,0.0,0.0,0.0,0.0,3.413031092675045e-17,4.8018254798416666e-05,0.00042566415489579055
Yb170-42,0.0,0.0,0.0,0.0,0.0,0.0,0.0,0.0,0.0,0.00010947917507677572,0.0012688999057613897
Yb171-154,0.0,0.0,0.0,0.0,0.0,0.0,0.0,0.0,7.068152693054775e-18,0.00011055091312683966,0.0007935610951958664
Yb171-156,0.0,0.0,0.0,0.0,0.0,0.0,0.0,0.0,0.0,1.0031476442476413e-05,0.00315427659465698
Yb171-157,0.0,0.0,0.0,0.0,0.0,0.0,0.0,0.0,0.0,9.488943777337734e-06,0.0013271266374760237
Yb171-42,0.0,0.0,0.0,0.0,0.0,0.0,0.0,0.0,0.0,0.0005067893088086681,0.0049576143579452055
Yb172-156,0.0,0.0,0.0,0.0,0.0,0.0,0.0,0.0,0.0,5.618597529114563e-06,0.0038897771010497247
Yb172-162,0.0,0.0,0.0,0.0,0.0,0.0,0.0,0.0,0.0,2.0476105225815436e-13,0.0010520861150404694
Yb172-169,0.0,0.0,0.0,0.0,0.0,0.0,0.0,0.0,0.0,3.5216387654201763e-11,0.0005283483212452489
Yb172-172,0.0,0.0,0.0,0.0,0.0,0.0,0.0,0.0,0.0,1.2738985283201077e-06,0.0006357825894686229
Lu175-165,0.0,0.0,0.0,0.0,0.0,0.0,0.0,0.0,0.0,2.2353769645638e-05,0.00572742203869408
Lu175-166,0.0,0.0,0.0,0.0,0.0,0.0,0.0,0.0,0.0,7.551959607663798e-09,0.0022024213267356177
W186-102,8.951275327148851,2.3338275023187425,1.0024373592148423,0.9702071704945802,16.090395597481667,0.870604731617304,0.011249753001730017,0.001669266403534636,0.00018654109404253442,1.9944867583880525e-05,2.0387551782319563e-06
Re187-103,0.0,0.0,0.0,0.0,0.0,0.0,3.2433232902239437e-09,9.820216938410763e-06,0.001807112482362774,0.00380186650628334,0.001984507293772089
Os190-34,0.0,0.0,0.0,0.0,0.0,0.0,0.0,0.0,5.519226309617594e-16,1.4277895919417097e-05,0.00020194238212698005
Os190-107,4.35196304141034e-06,1.0670513915717674e-06,3.148901433948542e-07,8.54868015394707e-08,2.2742570441875297e-06,5.133019315027804e-07,3.658456233013381e-11,8.803047977535002e-08,0.00028176779290134537,0.0006695704200515349,8.23856694109238e-05
Os192-24,0.0,0.0,0.0,0.0,0.0,0.0,0.0,7.176928285143922e-17,1.2520252965408594e-08,0.0006050688355075844,0.0010049583812804636
Os192-177,0.0,0.0,0.0,0.0,0.0,0.0,0.0,0.0,0.0,1.4210642097424314e-11,0.00018579368257643365
Au197-102,81.36845945015129,22.55523272442458,18.573789677158402,594.7731108595463,15.587981329391397,7.883805328427637,0.11940749133312273,0.009629365971237916,0.000570446378435958,1.2357084978659965e-05,3.6386324585267554e-06
Bi209-17,0.0,0.0,0.0,0.0,0.0,0.0,0.0,0.0,0.1569714003859105,0.665911621854665,0.12411699711973195
